Dia;Salida;Puesta;Horas de sol
01/01/2018;5:58:55;20:15:38;14:16:43
02/01/2018;5:59:39;20:15:49;14:16:10
03/01/2018;6:00:24;20:15:58;14:15:34
04/01/2018;6:01:11;20:16:05;14:14:54
05/01/2018;6:01:58;20:16:10;14:14:12
06/01/2018;6:02:47;20:16:14;14:13:27
07/01/2018;6:03:37;20:16:15;14:12:38
08/01/2018;6:04:27;20:16:15;14:11:48
09/01/2018;6:05:18;20:16:14;14:10:56
10/01/2018;6:06:11;20:16:10;14:09:59
11/01/2018;6:07:04;20:16:05;14:09:01
12/01/2018;6:07:57;20:15:57;14:08:00
13/01/2018;6:08:52;20:15:48;14:06:56
14/01/2018;6:09:47;20:15:38;14:05:51
15/01/2018;6:10:42;20:15:25;14:04:43
16/01/2018;6:11:38;20:15:11;14:03:33
17/01/2018;6:12:35;20:14:55;14:02:20
18/01/2018;6:13:32;20:14:37;14:01:05
19/01/2018;6:14:29;20:14:18;13:59:49
20/01/2018;6:15:27;20:13:57;13:58:30
21/01/2018;6:16:25;20:13:34;13:57:09
22/01/2018;6:17:24;20:13:09;13:55:45
23/01/2018;6:18:22;20:12:43;13:54:21
24/01/2018;6:19:21;20:12:15;13:52:54
25/01/2018;6:20:20;20:11:46;13:51:26
26/01/2018;6:21:19;20:11:14;13:49:55
27/01/2018;6:22:18;20:10:42;13:48:24
28/01/2018;6:23:17;20:10:07;13:46:50
29/01/2018;6:24:17;20:09:31;13:45:14
30/01/2018;6:25:16;20:08:54;13:43:38
31/01/2018;6:26:15;20:08:15;13:42:00
01/02/2018;6:27:14;20:07:34;13:40:20
02/02/2018;6:28:13;20:06:52;13:38:39
03/02/2018;6:29:11;20:06:09;13:36:58
04/02/2018;6:30:10;20:05:24;13:35:14
05/02/2018;6:31:08;20:04:37;13:33:29
06/02/2018;6:32:06;20:03:49;13:31:43
07/02/2018;6:33:04;20:03:00;13:29:56
08/02/2018;6:34:01;20:02:10;13:28:09
09/02/2018;6:34:59;20:01:18;13:26:19
10/02/2018;6:35:55;20:00:25;13:24:30
11/02/2018;6:36:52;19:59:31;13:22:39
12/02/2018;6:37:48;19:58:35;13:20:47
13/02/2018;6:38:44;19:57:38;13:18:54
14/02/2018;6:39:39;19:56:40;13:17:01
15/02/2018;6:40:34;19:55:41;13:15:07
16/02/2018;6:41:29;19:54:40;13:13:11
17/02/2018;6:42:23;19:53:39;13:11:16
18/02/2018;6:43:17;19:52:37;13:09:20
19/02/2018;6:44:10;19:51:33;13:07:23
20/02/2018;6:45:03;19:50:28;13:05:25
21/02/2018;6:45:56;19:49:23;13:03:27
22/02/2018;6:46:48;19:48:16;13:01:28
23/02/2018;6:47:39;19:47:09;12:59:30
24/02/2018;6:48:30;19:46:01;12:57:31
25/02/2018;6:49:21;19:44:52;12:55:31
26/02/2018;6:50:11;19:43:42;12:53:31
27/02/2018;6:51:01;19:42:31;12:51:30
28/02/2018;6:51:51;19:41:19;12:49:28
01/03/2018;6:52:40;19:40:07;12:47:27
02/03/2018;6:53:28;19:38:54;12:45:26
03/03/2018;6:54:16;19:37:40;12:43:24
04/03/2018;6:55:04;19:36:26;12:41:22
05/03/2018;6:55:52;19:35:11;12:39:19
06/03/2018;6:56:39;19:33:55;12:37:16
07/03/2018;6:57:25;19:32:39;12:35:14
08/03/2018;6:58:11;19:31:23;12:33:12
09/03/2018;6:58:57;19:30:06;12:31:09
10/03/2018;6:59:43;19:28:48;12:29:05
11/03/2018;7:00:28;19:27:30;12:27:02
12/03/2018;7:01:13;19:26:12;12:24:59
13/03/2018;7:01:58;19:24:53;12:22:55
14/03/2018;7:02:42;19:23:34;12:20:52
15/03/2018;7:03:26;19:22:15;12:18:49
16/03/2018;7:04:10;19:20:56;12:16:46
17/03/2018;7:04:54;19:19:36;12:14:42
18/03/2018;7:05:37;19:18:16;12:12:39
19/03/2018;7:06:20;19:16:56;12:10:36
20/03/2018;7:07:03;19:15:36;12:08:33
21/03/2018;7:07:46;19:14:16;12:06:30
22/03/2018;7:08:29;19:12:56;12:04:27
23/03/2018;7:09:11;19:11:36;12:02:25
24/03/2018;7:09:54;19:10:15;12:00:21
25/03/2018;7:10:36;19:08:55;11:58:19
26/03/2018;7:11:18;19:07:35;11:56:17
27/03/2018;7:12:00;19:06:15;11:54:15
28/03/2018;7:12:42;19:04:55;11:52:13
29/03/2018;7:13:24;19:03:36;11:50:12
30/03/2018;7:14:06;19:02:16;11:48:10
31/03/2018;7:14:48;19:00:57;11:46:09
01/04/2018;7:15:30;18:59:38;11:44:08
02/04/2018;7:16:12;18:58:20;11:42:08
03/04/2018;7:16:54;18:57:01;11:40:07
04/04/2018;7:17:35;18:55:44;11:38:09
05/04/2018;7:18:17;18:54:26;11:36:09
06/04/2018;7:18:59;18:53:09;11:34:10
07/04/2018;7:19:42;18:51:52;11:32:10
08/04/2018;7:20:24;18:50:36;11:30:12
09/04/2018;7:21:06;18:49:21;11:28:15
10/04/2018;7:21:48;18:48:06;11:26:18
11/04/2018;7:22:31;18:46:51;11:24:20
12/04/2018;7:23:13;18:45:37;11:22:24
13/04/2018;7:23:56;18:44:24;11:20:28
14/04/2018;7:24:38;18:43:11;11:18:33
15/04/2018;7:25:21;18:41:59;11:16:38
16/04/2018;7:26:04;18:40:48;11:14:44
17/04/2018;7:26:47;18:39:38;11:12:51
18/04/2018;7:27:30;18:38:28;11:10:58
19/04/2018;7:28:14;18:37:19;11:09:05
20/04/2018;7:28:57;18:36:11;11:07:14
21/04/2018;7:29:41;18:35:04;11:05:23
22/04/2018;7:30:24;18:33:57;11:03:33
23/04/2018;7:31:08;18:32:52;11:01:44
24/04/2018;7:31:52;18:31:47;10:59:55
25/04/2018;7:32:36;18:30:43;10:58:07
26/04/2018;7:33:20;18:29:40;10:56:20
27/04/2018;7:34:04;18:28:39;10:54:35
28/04/2018;7:34:48;18:27:38;10:52:50
29/04/2018;7:35:33;18:26:38;10:51:05
30/04/2018;7:36:17;18:25:40;10:49:23
01/05/2018;7:37:01;18:24:42;10:47:41
02/05/2018;7:37:46;18:23:45;10:45:59
03/05/2018;7:38:30;18:22:50;10:44:20
04/05/2018;7:39:14;18:21:56;10:42:42
05/05/2018;7:39:59;18:21:03;10:41:04
06/05/2018;7:40:43;18:20:11;10:39:28
07/05/2018;7:41:27;18:19:20;10:37:53
08/05/2018;7:42:12;18:18:30;10:36:18
09/05/2018;7:42:56;18:17:42;10:34:46
10/05/2018;7:43:40;18:16:55;10:33:15
11/05/2018;7:44:24;18:16:09;10:31:45
12/05/2018;7:45:07;18:15:24;10:30:17
13/05/2018;7:45:51;18:14:41;10:28:50
14/05/2018;7:46:34;18:13:59;10:27:25
15/05/2018;7:47:17;18:13:18;10:26:01
16/05/2018;7:48:00;18:12:39;10:24:39
17/05/2018;7:48:42;18:12:01;10:23:19
18/05/2018;7:49:24;18:11:24;10:22:00
19/05/2018;7:50:06;18:10:49;10:20:43
20/05/2018;7:50:48;18:10:15;10:19:27
21/05/2018;7:51:29;18:09:42;10:18:13
22/05/2018;7:52:09;18:09:11;10:17:02
23/05/2018;7:52:49;18:08:42;10:15:53
24/05/2018;7:53:29;18:08:13;10:14:44
25/05/2018;7:54:08;18:07:46;10:13:38
26/05/2018;7:54:47;18:07:21;10:12:34
27/05/2018;7:55:25;18:06:57;10:11:32
28/05/2018;7:56:02;18:06:35;10:10:33
29/05/2018;7:56:38;18:06:13;10:09:35
30/05/2018;7:57:14;18:05:54;10:08:40
31/05/2018;7:57:50;18:05:36;10:07:46
01/06/2018;7:58:24;18:05:19;10:06:55
02/06/2018;7:58:58;18:05:04;10:06:06
03/06/2018;7:59:31;18:04:50;10:05:19
04/06/2018;8:00:02;18:04:38;10:04:36
05/06/2018;8:00:34;18:04:27;10:03:53
06/06/2018;8:01:04;18:04:17;10:03:13
07/06/2018;8:01:33;18:04:09;10:02:36
08/06/2018;8:02:01;18:04:03;10:02:02
09/06/2018;8:02:28;18:03:58;10:01:30
10/06/2018;8:02:55;18:03:54;10:00:59
11/06/2018;8:03:20;18:03:52;10:00:32
12/06/2018;8:03:44;18:03:51;10:00:07
13/06/2018;8:04:07;18:03:52;9:59:45
14/06/2018;8:04:28;18:03:54;9:59:26
15/06/2018;8:04:49;18:03:57;9:59:08
16/06/2018;8:05:08;18:04:02;9:58:54
17/06/2018;8:05:26;18:04:08;9:58:42
18/06/2018;8:05:43;18:04:16;9:58:33
19/06/2018;8:05:59;18:04:25;9:58:26
20/06/2018;8:06:13;18:04:35;9:58:22
21/06/2018;8:06:26;18:04:46;9:58:20
22/06/2018;8:06:38;18:04:59;9:58:21
23/06/2018;8:06:48;18:05:13;9:58:25
24/06/2018;8:06:57;18:05:28;9:58:31
25/06/2018;8:07:04;18:05:45;9:58:41
26/06/2018;8:07:10;18:06:02;9:58:52
27/06/2018;8:07:15;18:06:21;9:59:06
28/06/2018;8:07:18;18:06:41;9:59:23
29/06/2018;8:07:20;18:07:02;9:59:42
30/06/2018;8:07:20;18:07:24;10:00:04
01/07/2018;8:07:19;18:07:47;10:00:28
02/07/2018;8:07:17;18:08:12;10:00:55
03/07/2018;8:07:12;18:08:37;10:01:25
04/07/2018;8:07:07;18:09:03;10:01:56
05/07/2018;8:07:00;18:09:30;10:02:30
06/07/2018;8:06:51;18:09:58;10:03:07
07/07/2018;8:06:41;18:10:27;10:03:46
08/07/2018;8:06:30;18:10:57;10:04:27
09/07/2018;8:06:16;18:11:27;10:05:11
10/07/2018;8:06:02;18:11:59;10:05:57
11/07/2018;8:05:46;18:12:31;10:06:45
12/07/2018;8:05:28;18:13:04;10:07:36
13/07/2018;8:05:09;18:13:37;10:08:28
14/07/2018;8:04:48;18:14:11;10:09:23
15/07/2018;8:04:26;18:14:46;10:10:20
16/07/2018;8:04:03;18:15:21;10:11:18
17/07/2018;8:03:38;18:15:57;10:12:19
18/07/2018;8:03:11;18:16:34;10:13:23
19/07/2018;8:02:43;18:17:11;10:14:28
20/07/2018;8:02:14;18:17:48;10:15:34
21/07/2018;8:01:43;18:18:26;10:16:43
22/07/2018;8:01:10;18:19:05;10:17:55
23/07/2018;8:00:36;18:19:43;10:19:07
24/07/2018;8:00:01;18:20:22;10:20:21
25/07/2018;7:59:25;18:21:02;10:21:37
26/07/2018;7:58:47;18:21:41;10:22:54
27/07/2018;7:58:07;18:22:21;10:24:14
28/07/2018;7:57:26;18:23:01;10:25:35
29/07/2018;7:56:44;18:23:42;10:26:58
30/07/2018;7:56:01;18:24:22;10:28:21
31/07/2018;7:55:16;18:25:03;10:29:47
01/08/2018;7:54:30;18:25:44;10:31:14
02/08/2018;7:53:42;18:26:25;10:32:43
03/08/2018;7:52:54;18:27:06;10:34:12
04/08/2018;7:52:04;18:27:47;10:35:43
05/08/2018;7:51:13;18:28:28;10:37:15
06/08/2018;7:50:20;18:29:09;10:38:49
07/08/2018;7:49:27;18:29:51;10:40:24
08/08/2018;7:48:32;18:30:32;10:42:00
09/08/2018;7:47:36;18:31:13;10:43:37
10/08/2018;7:46:39;18:31:54;10:45:15
11/08/2018;7:45:41;18:32:35;10:46:54
12/08/2018;7:44:42;18:33:16;10:48:34
13/08/2018;7:43:41;18:33:57;10:50:16
14/08/2018;7:42:40;18:34:38;10:51:58
15/08/2018;7:41:37;18:35:19;10:53:42
16/08/2018;7:40:34;18:36:00;10:55:26
17/08/2018;7:39:29;18:36:40;10:57:11
18/08/2018;7:38:24;18:37:21;10:58:57
19/08/2018;7:37:18;18:38:01;11:00:43
20/08/2018;7:36:10;18:38:41;11:02:31
21/08/2018;7:35:02;18:39:21;11:04:19
22/08/2018;7:33:53;18:40:01;11:06:08
23/08/2018;7:32:43;18:40:41;11:07:58
24/08/2018;7:31:32;18:41:21;11:09:49
25/08/2018;7:30:21;18:42:00;11:11:39
26/08/2018;7:29:08;18:42:39;11:13:31
27/08/2018;7:27:55;18:43:18;11:15:23
28/08/2018;7:26:42;18:43:58;11:17:16
29/08/2018;7:25:27;18:44:36;11:19:09
30/08/2018;7:24:12;18:45:15;11:21:03
31/08/2018;7:22:56;18:45:54;11:22:58
01/09/2018;7:21:40;18:46:32;11:24:52
02/09/2018;7:20:23;18:47:11;11:26:48
03/09/2018;7:19:05;18:47:49;11:28:44
04/09/2018;7:17:47;18:48:27;11:30:40
05/09/2018;7:16:28;18:49:05;11:32:37
06/09/2018;7:15:09;18:49:43;11:34:34
07/09/2018;7:13:50;18:50:21;11:36:31
08/09/2018;7:12:30;18:50:59;11:38:29
09/09/2018;7:11:10;18:51:37;11:40:27
10/09/2018;7:09:49;18:52:15;11:42:26
11/09/2018;7:08:28;18:52:53;11:44:25
12/09/2018;7:07:07;18:53:30;11:46:23
13/09/2018;7:05:45;18:54:08;11:48:23
14/09/2018;7:04:23;18:54:46;11:50:23
15/09/2018;7:03:01;18:55:24;11:52:23
16/09/2018;7:01:39;18:56:02;11:54:23
17/09/2018;7:00:17;18:56:40;11:56:23
18/09/2018;6:58:55;18:57:18;11:58:23
19/09/2018;6:57:32;18:57:56;12:00:24
20/09/2018;6:56:10;18:58:34;12:02:24
21/09/2018;6:54:47;18:59:13;12:04:26
22/09/2018;6:53:24;18:59:51;12:06:27
23/09/2018;6:52:02;19:00:30;12:08:28
24/09/2018;6:50:40;19:01:09;12:10:29
25/09/2018;6:49:17;19:01:48;12:12:31
26/09/2018;6:47:55;19:02:27;12:14:32
27/09/2018;6:46:33;19:03:06;12:16:33
28/09/2018;6:45:11;19:03:46;12:18:35
29/09/2018;6:43:50;19:04:26;12:20:36
30/09/2018;6:42:29;19:05:06;12:22:37
01/10/2018;6:41:08;19:05:47;12:24:39
02/10/2018;6:39:47;19:06:28;12:26:41
03/10/2018;6:38:27;19:07:09;12:28:42
04/10/2018;6:37:07;19:07:50;12:30:43
05/10/2018;6:35:48;19:08:32;12:32:44
06/10/2018;6:34:29;19:09:14;12:34:45
07/10/2018;6:33:11;19:09:57;12:36:46
08/10/2018;6:31:53;19:10:40;12:38:47
09/10/2018;6:30:35;19:11:23;12:40:48
10/10/2018;6:29:19;19:12:07;12:42:48
11/10/2018;6:28:03;19:12:51;12:44:48
12/10/2018;6:26:47;19:13:35;12:46:48
13/10/2018;6:25:32;19:14:20;12:48:48
14/10/2018;6:24:18;19:15:06;12:50:48
15/10/2018;6:23:05;19:15:52;12:52:47
16/10/2018;6:21:53;19:16:38;12:54:45
17/10/2018;6:20:41;19:17:25;12:56:44
18/10/2018;6:19:30;19:18:12;12:58:42
19/10/2018;6:18:20;19:19:00;13:00:40
20/10/2018;6:17:11;19:19:48;13:02:37
21/10/2018;6:16:03;19:20:36;13:04:33
22/10/2018;6:14:56;19:21:25;13:06:29
23/10/2018;6:13:50;19:22:15;13:08:25
24/10/2018;6:12:45;19:23:05;13:10:20
25/10/2018;6:11:41;19:23:56;13:12:15
26/10/2018;6:10:38;19:24:46;13:14:08
27/10/2018;6:09:36;19:25:38;13:16:02
28/10/2018;6:08:36;19:26:30;13:17:54
29/10/2018;6:07:36;19:27:22;13:19:46
30/10/2018;6:06:38;19:28:15;13:21:37
31/10/2018;6:05:41;19:29:08;13:23:27
01/11/2018;6:04:45;19:30:01;13:25:16
02/11/2018;6:03:50;19:30:55;13:27:05
03/11/2018;6:02:57;19:31:49;13:28:52
04/11/2018;6:02:05;19:32:43;13:30:38
05/11/2018;6:01:15;19:33:38;13:32:23
06/11/2018;6:00:26;19:34:33;13:34:07
07/11/2018;5:59:38;19:35:29;13:35:51
08/11/2018;5:58:52;19:36:25;13:37:33
09/11/2018;5:58:07;19:37:20;13:39:13
10/11/2018;5:57:24;19:38:17;13:40:53
11/11/2018;5:56:42;19:39:13;13:42:31
12/11/2018;5:56:01;19:40:09;13:44:08
13/11/2018;5:55:23;19:41:06;13:45:43
14/11/2018;5:54:45;19:42:02;13:47:17
15/11/2018;5:54:10;19:42:59;13:48:49
16/11/2018;5:53:36;19:43:56;13:50:20
17/11/2018;5:53:03;19:44:52;13:51:49
18/11/2018;5:52:33;19:45:49;13:53:16
19/11/2018;5:52:04;19:46:45;13:54:41
20/11/2018;5:51:36;19:47:42;13:56:06
21/11/2018;5:51:11;19:48:38;13:57:27
22/11/2018;5:50:47;19:49:34;13:58:47
23/11/2018;5:50:24;19:50:30;14:00:06
24/11/2018;5:50:04;19:51:25;14:01:21
25/11/2018;5:49:45;19:52:20;14:02:35
26/11/2018;5:49:28;19:53:15;14:03:47
27/11/2018;5:49:13;19:54:09;14:04:56
28/11/2018;5:49:00;19:55:03;14:06:03
29/11/2018;5:48:48;19:55:56;14:07:08
30/11/2018;5:48:38;19:56:49;14:08:11
01/12/2018;5:48:30;19:57:41;14:09:11
02/12/2018;5:48:24;19:58:33;14:10:09
03/12/2018;5:48:20;19:59:23;14:11:03
04/12/2018;5:48:17;20:00:13;14:11:56
05/12/2018;5:48:16;20:01:02;14:12:46
06/12/2018;5:48:18;20:01:51;14:13:33
07/12/2018;5:48:20;20:02:38;14:14:18
08/12/2018;5:48:25;20:03:25;14:15:00
09/12/2018;5:48:32;20:04:10;14:15:38
10/12/2018;5:48:40;20:04:55;14:16:15
11/12/2018;5:48:50;20:05:38;14:16:48
12/12/2018;5:49:02;20:06:20;14:17:18
13/12/2018;5:49:16;20:07:01;14:17:45
14/12/2018;5:49:31;20:07:41;14:18:10
15/12/2018;5:49:48;20:08:20;14:18:32
16/12/2018;5:50:07;20:08:57;14:18:50
17/12/2018;5:50:28;20:09:34;14:19:06
18/12/2018;5:50:50;20:10:08;14:19:18
19/12/2018;5:51:14;20:10:42;14:19:28
20/12/2018;5:51:40;20:11:14;14:19:34
21/12/2018;5:52:07;20:11:44;14:19:37
22/12/2018;5:52:35;20:12:13;14:19:38
23/12/2018;5:53:06;20:12:41;14:19:35
24/12/2018;5:53:38;20:13:07;14:19:29
25/12/2018;5:54:11;20:13:31;14:19:20
26/12/2018;5:54:46;20:13:54;14:19:08
27/12/2018;5:55:22;20:14:15;14:18:53
28/12/2018;5:56:00;20:14:34;14:18:34
29/12/2018;5:56:39;20:14:52;14:18:13
30/12/2018;5:57:19;20:15:08;14:17:49
31/12/2018;5:58:00;20:15:23;14:17:23
01/01/2019;5:58:43;20:15:35;14:16:52
02/01/2019;5:59:27;20:15:46;14:16:19
03/01/2019;6:00:12;20:15:56;14:15:44
04/01/2019;6:00:59;20:16:03;14:15:04
05/01/2019;6:01:46;20:16:09;14:14:23
06/01/2019;6:02:34;20:16:13;14:13:39
07/01/2019;6:03:24;20:16:15;14:12:51
08/01/2019;6:04:14;20:16:16;14:12:02
09/01/2019;6:05:05;20:16:14;14:11:09
10/01/2019;6:05:57;20:16:11;14:10:14
11/01/2019;6:06:50;20:16:06;14:09:16
12/01/2019;6:07:43;20:15:59;14:08:16
13/01/2019;6:08:37;20:15:51;14:07:14
14/01/2019;6:09:32;20:15:41;14:06:09
15/01/2019;6:10:28;20:15:29;14:05:01
16/01/2019;6:11:24;20:15:15;14:03:51
17/01/2019;6:12:20;20:14:59;14:02:39
18/01/2019;6:13:17;20:14:42;14:01:25
19/01/2019;6:14:14;20:14:23;14:00:09
20/01/2019;6:15:12;20:14:02;13:58:50
21/01/2019;6:16:10;20:13:40;13:57:30
22/01/2019;6:17:08;20:13:16;13:56:08
23/01/2019;6:18:07;20:12:50;13:54:43
24/01/2019;6:19:06;20:12:23;13:53:17
25/01/2019;6:20:05;20:11:53;13:51:48
26/01/2019;6:21:04;20:11:23;13:50:19
27/01/2019;6:22:03;20:10:50;13:48:47
28/01/2019;6:23:02;20:10:16;13:47:14
29/01/2019;6:24:01;20:09:41;13:45:40
30/01/2019;6:25:00;20:09:04;13:44:04
31/01/2019;6:25:59;20:08:25;13:42:26
01/02/2019;6:26:58;20:07:45;13:40:47
02/02/2019;6:27:57;20:07:03;13:39:06
03/02/2019;6:28:56;20:06:20;13:37:24
04/02/2019;6:29:55;20:05:35;13:35:40
05/02/2019;6:30:53;20:04:49;13:33:56
06/02/2019;6:31:51;20:04:02;13:32:11
07/02/2019;6:32:49;20:03:13;13:30:24
08/02/2019;6:33:46;20:02:23;13:28:37
09/02/2019;6:34:44;20:01:32;13:26:48
10/02/2019;6:35:41;20:00:39;13:24:58
11/02/2019;6:36:37;19:59:45;13:23:08
12/02/2019;6:37:34;19:58:49;13:21:15
13/02/2019;6:38:29;19:57:53;13:19:24
14/02/2019;6:39:25;19:56:55;13:17:30
15/02/2019;6:40:20;19:55:56;13:15:36
16/02/2019;6:41:15;19:54:56;13:13:41
17/02/2019;6:42:09;19:53:55;13:11:46
18/02/2019;6:43:03;19:52:53;13:09:50
19/02/2019;6:43:57;19:51:50;13:07:53
20/02/2019;6:44:50;19:50:45;13:05:55
21/02/2019;6:45:42;19:49:40;13:03:58
22/02/2019;6:46:34;19:48:34;13:02:00
23/02/2019;6:47:26;19:47:27;13:00:01
24/02/2019;6:48:17;19:46:19;12:58:02
25/02/2019;6:49:08;19:45:10;12:56:02
26/02/2019;6:49:58;19:44:00;12:54:02
27/02/2019;6:50:48;19:42:49;12:52:01
28/02/2019;6:51:38;19:41:38;12:50:00
01/03/2019;6:52:27;19:40:26;12:47:59
02/03/2019;6:53:16;19:39:13;12:45:57
03/03/2019;6:54:04;19:37:59;12:43:55
04/03/2019;6:54:52;19:36:45;12:41:53
05/03/2019;6:55:39;19:35:30;12:39:51
06/03/2019;6:56:26;19:34:15;12:37:49
07/03/2019;6:57:13;19:32:59;12:35:46
08/03/2019;6:57:59;19:31:43;12:33:44
09/03/2019;6:58:45;19:30:26;12:31:41
10/03/2019;6:59:31;19:29:08;12:29:37
11/03/2019;7:00:16;19:27:51;12:27:35
12/03/2019;7:01:01;19:26:32;12:25:31
13/03/2019;7:01:46;19:25:14;12:23:28
14/03/2019;7:02:31;19:23:55;12:21:24
15/03/2019;7:03:15;19:22:36;12:19:21
16/03/2019;7:03:59;19:21:16;12:17:17
17/03/2019;7:04:42;19:19:57;12:15:15
18/03/2019;7:05:26;19:18:37;12:13:11
19/03/2019;7:06:09;19:17:17;12:11:08
20/03/2019;7:06:52;19:15:57;12:09:05
21/03/2019;7:07:35;19:14:37;12:07:02
22/03/2019;7:08:18;19:13:17;12:04:59
23/03/2019;7:09:00;19:11:56;12:02:56
24/03/2019;7:09:43;19:10:36;12:00:53
25/03/2019;7:10:25;19:09:16;11:58:51
26/03/2019;7:11:07;19:07:56;11:56:49
27/03/2019;7:11:49;19:06:36;11:54:47
28/03/2019;7:12:31;19:05:16;11:52:45
29/03/2019;7:13:13;19:03:56;11:50:43
30/03/2019;7:13:55;19:02:37;11:48:42
31/03/2019;7:14:37;19:01:18;11:46:41
01/04/2019;7:15:19;18:59:59;11:44:40
02/04/2019;7:16:01;18:58:40;11:42:39
03/04/2019;7:16:43;18:57:22;11:40:39
04/04/2019;7:17:25;18:56:04;11:38:39
05/04/2019;7:18:07;18:54:46;11:36:39
06/04/2019;7:18:49;18:53:29;11:34:40
07/04/2019;7:19:31;18:52:12;11:32:41
08/04/2019;7:20:13;18:50:56;11:30:43
09/04/2019;7:20:55;18:49:40;11:28:45
10/04/2019;7:21:37;18:48:25;11:26:48
11/04/2019;7:22:20;18:47:10;11:24:50
12/04/2019;7:23:02;18:45:56;11:22:54
13/04/2019;7:23:45;18:44:43;11:20:58
14/04/2019;7:24:27;18:43:30;11:19:03
15/04/2019;7:25:10;18:42:18;11:17:08
16/04/2019;7:25:53;18:41:07;11:15:14
17/04/2019;7:26:36;18:39:56;11:13:20
18/04/2019;7:27:19;18:38:46;11:11:27
19/04/2019;7:28:03;18:37:37;11:09:34
20/04/2019;7:28:46;18:36:28;11:07:42
21/04/2019;7:29:29;18:35:21;11:05:52
22/04/2019;7:30:13;18:34:14;11:04:01
23/04/2019;7:30:57;18:33:08;11:02:11
24/04/2019;7:31:41;18:32:04;11:00:23
25/04/2019;7:32:25;18:31:00;10:58:35
26/04/2019;7:33:09;18:29:57;10:56:48
27/04/2019;7:33:53;18:28:55;10:55:02
28/04/2019;7:34:37;18:27:54;10:53:17
29/04/2019;7:35:21;18:26:54;10:51:33
30/04/2019;7:36:05;18:25:55;10:49:50
01/05/2019;7:36:50;18:24:57;10:48:07
02/05/2019;7:37:34;18:24:00;10:46:26
03/05/2019;7:38:19;18:23:04;10:44:45
04/05/2019;7:39:03;18:22:10;10:43:07
05/05/2019;7:39:47;18:21:16;10:41:29
06/05/2019;7:40:32;18:20:24;10:39:52
07/05/2019;7:41:16;18:19:33;10:38:17
08/05/2019;7:42:00;18:18:43;10:36:43
09/05/2019;7:42:44;18:17:54;10:35:10
10/05/2019;7:43:28;18:17:07;10:33:39
11/05/2019;7:44:12;18:16:21;10:32:09
12/05/2019;7:44:56;18:15:36;10:30:40
13/05/2019;7:45:39;18:14:52;10:29:13
14/05/2019;7:46:23;18:14:10;10:27:47
15/05/2019;7:47:06;18:13:29;10:26:23
16/05/2019;7:47:49;18:12:49;10:25:00
17/05/2019;7:48:31;18:12:11;10:23:40
18/05/2019;7:49:14;18:11:34;10:22:20
19/05/2019;7:49:55;18:10:58;10:21:03
20/05/2019;7:50:37;18:10:24;10:19:47
21/05/2019;7:51:18;18:09:51;10:18:33
22/05/2019;7:51:59;18:09:19;10:17:20
23/05/2019;7:52:39;18:08:49;10:16:10
24/05/2019;7:53:19;18:08:21;10:15:02
25/05/2019;7:53:58;18:07:53;10:13:55
26/05/2019;7:54:37;18:07:28;10:12:51
27/05/2019;7:55:15;18:07:03;10:11:48
28/05/2019;7:55:52;18:06:40;10:10:48
29/05/2019;7:56:29;18:06:19;10:09:50
30/05/2019;7:57:05;18:05:59;10:08:54
31/05/2019;7:57:41;18:05:40;10:07:59
01/06/2019;7:58:15;18:05:23;10:07:08
02/06/2019;7:58:49;18:05:08;10:06:19
03/06/2019;7:59:22;18:04:53;10:05:31
04/06/2019;7:59:54;18:04:41;10:04:47
05/06/2019;8:00:26;18:04:29;10:04:03
06/06/2019;8:00:56;18:04:20;10:03:24
07/06/2019;8:01:25;18:04:11;10:02:46
08/06/2019;8:01:54;18:04:04;10:02:10
09/06/2019;8:02:21;18:03:59;10:01:38
10/06/2019;8:02:48;18:03:55;10:01:07
11/06/2019;8:03:13;18:03:53;10:00:40
12/06/2019;8:03:38;18:03:51;10:00:13
13/06/2019;8:04:01;18:03:52;9:59:51
14/06/2019;8:04:23;18:03:53;9:59:30
15/06/2019;8:04:44;18:03:56;9:59:12
16/06/2019;8:05:03;18:04:01;9:58:58
17/06/2019;8:05:22;18:04:07;9:58:45
18/06/2019;8:05:39;18:04:14;9:58:35
19/06/2019;8:05:55;18:04:22;9:58:27
20/06/2019;8:06:09;18:04:32;9:58:23
21/06/2019;8:06:23;18:04:43;9:58:20
22/06/2019;8:06:35;18:04:56;9:58:21
23/06/2019;8:06:45;18:05:09;9:58:24
24/06/2019;8:06:54;18:05:24;9:58:30
25/06/2019;8:07:02;18:05:40;9:58:38
26/06/2019;8:07:09;18:05:58;9:58:49
27/06/2019;8:07:14;18:06:16;9:59:02
28/06/2019;8:07:17;18:06:36;9:59:19
29/06/2019;8:07:20;18:06:57;9:59:37
30/06/2019;8:07:20;18:07:18;9:59:58
01/07/2019;8:07:20;18:07:41;10:00:21
02/07/2019;8:07:17;18:08:05;10:00:48
03/07/2019;8:07:14;18:08:30;10:01:16
04/07/2019;8:07:08;18:08:56;10:01:48
05/07/2019;8:07:02;18:09:23;10:02:21
06/07/2019;8:06:54;18:09:51;10:02:57
07/07/2019;8:06:44;18:10:19;10:03:35
08/07/2019;8:06:33;18:10:49;10:04:16
09/07/2019;8:06:20;18:11:19;10:04:59
10/07/2019;8:06:06;18:11:50;10:05:44
11/07/2019;8:05:50;18:12:22;10:06:32
12/07/2019;8:05:33;18:12:55;10:07:22
13/07/2019;8:05:14;18:13:28;10:08:14
14/07/2019;8:04:54;18:14:02;10:09:08
15/07/2019;8:04:32;18:14:37;10:10:05
16/07/2019;8:04:09;18:15:12;10:11:03
17/07/2019;8:03:44;18:15:48;10:12:04
18/07/2019;8:03:18;18:16:24;10:13:06
19/07/2019;8:02:50;18:17:01;10:14:11
20/07/2019;8:02:21;18:17:39;10:15:18
21/07/2019;8:01:51;18:18:16;10:16:25
22/07/2019;8:01:19;18:18:55;10:17:36
23/07/2019;8:00:45;18:19:33;10:18:48
24/07/2019;8:00:10;18:20:12;10:20:02
25/07/2019;7:59:34;18:20:51;10:21:17
26/07/2019;7:58:57;18:21:31;10:22:34
27/07/2019;7:58:17;18:22:11;10:23:54
28/07/2019;7:57:37;18:22:51;10:25:14
29/07/2019;7:56:55;18:23:31;10:26:36
30/07/2019;7:56:12;18:24:12;10:28:00
31/07/2019;7:55:28;18:24:52;10:29:24
01/08/2019;7:54:42;18:25:33;10:30:51
02/08/2019;7:53:55;18:26:14;10:32:19
03/08/2019;7:53:07;18:26:55;10:33:48
04/08/2019;7:52:17;18:27:36;10:35:19
05/08/2019;7:51:26;18:28:18;10:36:52
06/08/2019;7:50:34;18:28:59;10:38:25
07/08/2019;7:49:41;18:29:40;10:39:59
08/08/2019;7:48:46;18:30:21;10:41:35
09/08/2019;7:47:51;18:31:02;10:43:11
10/08/2019;7:46:54;18:31:44;10:44:50
11/08/2019;7:45:56;18:32:25;10:46:29
12/08/2019;7:44:57;18:33:06;10:48:09
13/08/2019;7:43:57;18:33:47;10:49:50
14/08/2019;7:42:56;18:34:28;10:51:32
15/08/2019;7:41:54;18:35:09;10:53:15
16/08/2019;7:40:50;18:35:49;10:54:59
17/08/2019;7:39:46;18:36:30;10:56:44
18/08/2019;7:38:41;18:37:10;10:58:29
19/08/2019;7:37:35;18:37:51;11:00:16
20/08/2019;7:36:28;18:38:31;11:02:03
21/08/2019;7:35:20;18:39:11;11:03:51
22/08/2019;7:34:11;18:39:51;11:05:40
23/08/2019;7:33:01;18:40:31;11:07:30
24/08/2019;7:31:51;18:41:10;11:09:19
25/08/2019;7:30:39;18:41:50;11:11:11
26/08/2019;7:29:27;18:42:29;11:13:02
27/08/2019;7:28:14;18:43:08;11:14:54
28/08/2019;7:27:01;18:43:47;11:16:46
29/08/2019;7:25:46;18:44:26;11:18:40
30/08/2019;7:24:31;18:45:05;11:20:34
31/08/2019;7:23:16;18:45:44;11:22:28
01/09/2019;7:22:00;18:46:22;11:24:22
02/09/2019;7:20:43;18:47:01;11:26:18
03/09/2019;7:19:25;18:47:39;11:28:14
04/09/2019;7:18:07;18:48:17;11:30:10
05/09/2019;7:16:49;18:48:55;11:32:06
06/09/2019;7:15:30;18:49:33;11:34:03
07/09/2019;7:14:11;18:50:11;11:36:00
08/09/2019;7:12:51;18:50:49;11:37:58
09/09/2019;7:11:31;18:51:27;11:39:56
10/09/2019;7:10:10;18:52:05;11:41:55
11/09/2019;7:08:49;18:52:43;11:43:54
12/09/2019;7:07:28;18:53:21;11:45:53
13/09/2019;7:06:06;18:53:58;11:47:52
14/09/2019;7:04:45;18:54:36;11:49:51
15/09/2019;7:03:23;18:55:14;11:51:51
16/09/2019;7:02:01;18:55:52;11:53:51
17/09/2019;7:00:38;18:56:30;11:55:52
18/09/2019;6:59:16;18:57:08;11:57:52
19/09/2019;6:57:54;18:57:46;11:59:52
20/09/2019;6:56:31;18:58:24;12:01:53
21/09/2019;6:55:08;18:59:03;12:03:55
22/09/2019;6:53:46;18:59:41;12:05:55
23/09/2019;6:52:23;19:00:20;12:07:57
24/09/2019;6:51:01;19:00:58;12:09:57
25/09/2019;6:49:39;19:01:37;12:11:58
26/09/2019;6:48:17;19:02:17;12:14:00
27/09/2019;6:46:54;19:02:56;12:16:02
28/09/2019;6:45:33;19:03:36;12:18:03
29/09/2019;6:44:11;19:04:16;12:20:05
30/09/2019;6:42:50;19:04:56;12:22:06
01/10/2019;6:41:29;19:05:36;12:24:07
02/10/2019;6:40:08;19:06:17;12:26:09
03/10/2019;6:38:48;19:06:58;12:28:10
04/10/2019;6:37:28;19:07:39;12:30:11
05/10/2019;6:36:08;19:08:21;12:32:13
06/10/2019;6:34:49;19:09:03;12:34:14
07/10/2019;6:33:31;19:09:46;12:36:15
08/10/2019;6:32:13;19:10:28;12:38:15
09/10/2019;6:30:55;19:11:12;12:40:17
10/10/2019;6:29:38;19:11:55;12:42:17
11/10/2019;6:28:22;19:12:39;12:44:17
12/10/2019;6:27:07;19:13:24;12:46:17
13/10/2019;6:25:52;19:14:09;12:48:17
14/10/2019;6:24:38;19:14:54;12:50:16
15/10/2019;6:23:24;19:15:40;12:52:16
16/10/2019;6:22:11;19:16:26;12:54:15
17/10/2019;6:21:00;19:17:12;12:56:12
18/10/2019;6:19:49;19:18:00;12:58:11
19/10/2019;6:18:38;19:18:47;13:00:09
20/10/2019;6:17:29;19:19:35;13:02:06
21/10/2019;6:16:21;19:20:24;13:04:03
22/10/2019;6:15:14;19:21:13;13:05:59
23/10/2019;6:14:07;19:22:02;13:07:55
24/10/2019;6:13:02;19:22:52;13:09:50
25/10/2019;6:11:58;19:23:42;13:11:44
26/10/2019;6:10:54;19:24:33;13:13:39
27/10/2019;6:09:52;19:25:24;13:15:32
28/10/2019;6:08:51;19:26:16;13:17:25
29/10/2019;6:07:51;19:27:08;13:19:17
30/10/2019;6:06:53;19:28:01;13:21:08
31/10/2019;6:05:55;19:28:54;13:22:59
01/11/2019;6:04:59;19:29:47;13:24:48
02/11/2019;6:04:04;19:30:41;13:26:37
03/11/2019;6:03:11;19:31:35;13:28:24
04/11/2019;6:02:19;19:32:29;13:30:10
05/11/2019;6:01:28;19:33:24;13:31:56
06/11/2019;6:00:38;19:34:19;13:33:41
07/11/2019;5:59:50;19:35:14;13:35:24
08/11/2019;5:59:04;19:36:10;13:37:06
09/11/2019;5:58:18;19:37:06;13:38:48
10/11/2019;5:57:35;19:38:02;13:40:27
11/11/2019;5:56:52;19:38:58;13:42:06
12/11/2019;5:56:12;19:39:55;13:43:43
13/11/2019;5:55:32;19:40:51;13:45:19
14/11/2019;5:54:55;19:41:48;13:46:53
15/11/2019;5:54:19;19:42:44;13:48:25
16/11/2019;5:53:44;19:43:41;13:49:57
17/11/2019;5:53:12;19:44:38;13:51:26
18/11/2019;5:52:40;19:45:34;13:52:54
19/11/2019;5:52:11;19:46:31;13:54:20
20/11/2019;5:51:43;19:47:27;13:55:44
21/11/2019;5:51:17;19:48:23;13:57:06
22/11/2019;5:50:53;19:49:20;13:58:27
23/11/2019;5:50:30;19:50:15;13:59:45
24/11/2019;5:50:09;19:51:11;14:01:02
25/11/2019;5:49:50;19:52:06;14:02:16
26/11/2019;5:49:32;19:53:01;14:03:29
27/11/2019;5:49:17;19:53:55;14:04:38
28/11/2019;5:49:03;19:54:49;14:05:46
29/11/2019;5:48:51;19:55:43;14:06:52
30/11/2019;5:48:41;19:56:35;14:07:54
01/12/2019;5:48:32;19:57:28;14:08:56
02/12/2019;5:48:25;19:58:19;14:09:54
03/12/2019;5:48:21;19:59:10;14:10:49
04/12/2019;5:48:18;20:00:00;14:11:42
05/12/2019;5:48:16;20:00:50;14:12:34
06/12/2019;5:48:17;20:01:38;14:13:21
07/12/2019;5:48:20;20:02:26;14:14:06
08/12/2019;5:48:24;20:03:13;14:14:49
09/12/2019;5:48:30;20:03:58;14:15:28
10/12/2019;5:48:38;20:04:43;14:16:05
11/12/2019;5:48:47;20:05:27;14:16:40
12/12/2019;5:48:59;20:06:09;14:17:10
13/12/2019;5:49:12;20:06:51;14:17:39
14/12/2019;5:49:27;20:07:31;14:18:04
15/12/2019;5:49:44;20:08:10;14:18:26
16/12/2019;5:50:02;20:08:48;14:18:46
17/12/2019;5:50:22;20:09:24;14:19:02
18/12/2019;5:50:44;20:09:59;14:19:15
19/12/2019;5:51:08;20:10:33;14:19:25
20/12/2019;5:51:33;20:11:05;14:19:32
21/12/2019;5:51:59;20:11:36;14:19:37
22/12/2019;5:52:28;20:12:06;14:19:38
23/12/2019;5:52:58;20:12:34;14:19:36
24/12/2019;5:53:29;20:13:00;14:19:31
25/12/2019;5:54:02;20:13:25;14:19:23
26/12/2019;5:54:37;20:13:48;14:19:11
27/12/2019;5:55:12;20:14:09;14:18:57
28/12/2019;5:55:50;20:14:29;14:18:39
29/12/2019;5:56:28;20:14:48;14:18:20
30/12/2019;5:57:08;20:15:04;14:17:56
31/12/2019;5:57:50;20:15:19;14:17:29
01/01/2020;5:58:32;20:15:32;14:17:00
02/01/2020;5:59:16;20:15:44;14:16:28
03/01/2020;6:00:01;20:15:53;14:15:52
04/01/2020;6:00:47;20:16:01;14:15:14
05/01/2020;6:01:34;20:16:08;14:14:34
06/01/2020;6:02:22;20:16:12;14:13:50
07/01/2020;6:03:11;20:16:15;14:13:04
08/01/2020;6:04:01;20:16:16;14:12:15
09/01/2020;6:04:52;20:16:15;14:11:23
10/01/2020;6:05:43;20:16:12;14:10:29
11/01/2020;6:06:36;20:16:08;14:09:32
12/01/2020;6:07:29;20:16:01;14:08:32
13/01/2020;6:08:23;20:15:53;14:07:30
14/01/2020;6:09:18;20:15:44;14:06:26
15/01/2020;6:10:13;20:15:32;14:05:19
16/01/2020;6:11:09;20:15:19;14:04:10
17/01/2020;6:12:05;20:15:04;14:02:59
18/01/2020;6:13:02;20:14:47;14:01:45
19/01/2020;6:13:59;20:14:28;14:00:29
20/01/2020;6:14:57;20:14:08;13:59:11
21/01/2020;6:15:55;20:13:46;13:57:51
22/01/2020;6:16:53;20:13:22;13:56:29
23/01/2020;6:17:52;20:12:57;13:55:05
24/01/2020;6:18:51;20:12:30;13:53:39
25/01/2020;6:19:49;20:12:01;13:52:12
26/01/2020;6:20:48;20:11:31;13:50:43
27/01/2020;6:21:48;20:10:59;13:49:11
28/01/2020;6:22:47;20:10:25;13:47:38
29/01/2020;6:23:46;20:09:50;13:46:04
30/01/2020;6:24:45;20:09:13;13:44:28
31/01/2020;6:25:44;20:08:35;13:42:51
01/02/2020;6:26:43;20:07:55;13:41:12
02/02/2020;6:27:42;20:07:14;13:39:32
03/02/2020;6:28:41;20:06:31;13:37:50
04/02/2020;6:29:39;20:05:47;13:36:08
05/02/2020;6:30:38;20:05:02;13:34:24
06/02/2020;6:31:36;20:04:14;13:32:38
07/02/2020;6:32:34;20:03:26;13:30:52
08/02/2020;6:33:32;20:02:36;13:29:04
09/02/2020;6:34:29;20:01:45;13:27:16
10/02/2020;6:35:26;20:00:53;13:25:27
11/02/2020;6:36:23;19:59:59;13:23:36
12/02/2020;6:37:19;19:59:04;13:21:45
13/02/2020;6:38:15;19:58:08;13:19:53
14/02/2020;6:39:11;19:57:10;13:17:59
15/02/2020;6:40:06;19:56:12;13:16:06
16/02/2020;6:41:01;19:55:12;13:14:11
17/02/2020;6:41:55;19:54:11;13:12:16
18/02/2020;6:42:49;19:53:09;13:10:20
19/02/2020;6:43:43;19:52:06;13:08:23
20/02/2020;6:44:36;19:51:02;13:06:26
21/02/2020;6:45:29;19:49:57;13:04:28
22/02/2020;6:46:21;19:48:51;13:02:30
23/02/2020;6:47:13;19:47:44;13:00:31
24/02/2020;6:48:04;19:46:36;12:58:32
25/02/2020;6:48:55;19:45:28;12:56:33
26/02/2020;6:49:45;19:44:18;12:54:33
27/02/2020;6:50:35;19:43:08;12:52:33
28/02/2020;6:51:25;19:41:56;12:50:31
29/02/2020;6:52:14;19:40:44;12:48:30
01/03/2020;6:53:03;19:39:32;12:46:29
02/03/2020;6:53:52;19:38:18;12:44:26
03/03/2020;6:54:39;19:37:04;12:42:25
04/03/2020;6:55:27;19:35:50;12:40:23
05/03/2020;6:56:14;19:34:35;12:38:21
06/03/2020;6:57:01;19:33:19;12:36:18
07/03/2020;6:57:47;19:32:03;12:34:16
08/03/2020;6:58:34;19:30:46;12:32:12
09/03/2020;6:59:19;19:29:28;12:30:09
10/03/2020;7:00:05;19:28:11;12:28:06
11/03/2020;7:00:50;19:26:53;12:26:03
12/03/2020;7:01:35;19:25:34;12:23:59
13/03/2020;7:02:19;19:24:16;12:21:57
14/03/2020;7:03:03;19:22:56;12:19:53
15/03/2020;7:03:47;19:21:37;12:17:50
16/03/2020;7:04:31;19:20:18;12:15:47
17/03/2020;7:05:15;19:18:58;12:13:43
18/03/2020;7:05:58;19:17:38;12:11:40
19/03/2020;7:06:41;19:16:18;12:09:37
20/03/2020;7:07:24;19:14:58;12:07:34
21/03/2020;7:08:07;19:13:38;12:05:31
22/03/2020;7:08:49;19:12:17;12:03:28
23/03/2020;7:09:32;19:10:57;12:01:25
24/03/2020;7:10:14;19:09:37;11:59:23
25/03/2020;7:10:56;19:08:17;11:57:21
26/03/2020;7:11:38;19:06:57;11:55:19
27/03/2020;7:12:20;19:05:37;11:53:17
28/03/2020;7:13:02;19:04:17;11:51:15
29/03/2020;7:13:44;19:02:58;11:49:14
30/03/2020;7:14:26;19:01:38;11:47:12
31/03/2020;7:15:08;19:00:19;11:45:11
01/04/2020;7:15:50;18:59:01;11:43:11
02/04/2020;7:16:32;18:57:42;11:41:10
03/04/2020;7:17:14;18:56:24;11:39:10
04/04/2020;7:17:56;18:55:06;11:37:10
05/04/2020;7:18:38;18:53:49;11:35:11
06/04/2020;7:19:20;18:52:32;11:33:12
07/04/2020;7:20:02;18:51:16;11:31:14
08/04/2020;7:20:44;18:50:00;11:29:16
09/04/2020;7:21:26;18:48:44;11:27:18
10/04/2020;7:22:09;18:47:30;11:25:21
11/04/2020;7:22:51;18:46:15;11:23:24
12/04/2020;7:23:34;18:45:02;11:21:28
13/04/2020;7:24:16;18:43:49;11:19:33
14/04/2020;7:24:59;18:42:37;11:17:38
15/04/2020;7:25:42;18:41:25;11:15:43
16/04/2020;7:26:25;18:40:14;11:13:49
17/04/2020;7:27:08;18:39:04;11:11:56
18/04/2020;7:27:51;18:37:55;11:10:04
19/04/2020;7:28:35;18:36:46;11:08:11
20/04/2020;7:29:18;18:35:38;11:06:20
21/04/2020;7:30:02;18:34:31;11:04:29
22/04/2020;7:30:45;18:33:25;11:02:40
23/04/2020;7:31:29;18:32:20;11:00:51
24/04/2020;7:32:13;18:31:16;10:59:03
25/04/2020;7:32:57;18:30:13;10:57:16
26/04/2020;7:33:41;18:29:11;10:55:30
27/04/2020;7:34:25;18:28:09;10:53:44
28/04/2020;7:35:10;18:27:09;10:51:59
29/04/2020;7:35:54;18:26:10;10:50:16
30/04/2020;7:36:38;18:25:12;10:48:34
01/05/2020;7:37:23;18:24:15;10:46:52
02/05/2020;7:38:07;18:23:19;10:45:12
03/05/2020;7:38:51;18:22:24;10:43:33
04/05/2020;7:39:36;18:21:30;10:41:54
05/05/2020;7:40:20;18:20:37;10:40:17
06/05/2020;7:41:04;18:19:46;10:38:42
07/05/2020;7:41:49;18:18:56;10:37:07
08/05/2020;7:42:33;18:18:07;10:35:34
09/05/2020;7:43:17;18:17:19;10:34:02
10/05/2020;7:44:01;18:16:33;10:32:32
11/05/2020;7:44:45;18:15:47;10:31:02
12/05/2020;7:45:28;18:15:03;10:29:35
13/05/2020;7:46:12;18:14:21;10:28:09
14/05/2020;7:46:55;18:13:39;10:26:44
15/05/2020;7:47:38;18:12:59;10:25:21
16/05/2020;7:48:20;18:12:20;10:24:00
17/05/2020;7:49:03;18:11:43;10:22:40
18/05/2020;7:49:45;18:11:07;10:21:22
19/05/2020;7:50:26;18:10:32;10:20:06
20/05/2020;7:51:07;18:09:59;10:18:52
21/05/2020;7:51:48;18:09:27;10:17:39
22/05/2020;7:52:29;18:08:57;10:16:28
23/05/2020;7:53:09;18:08:28;10:15:19
24/05/2020;7:53:48;18:08:00;10:14:12
25/05/2020;7:54:27;18:07:34;10:13:07
26/05/2020;7:55:05;18:07:09;10:12:04
27/05/2020;7:55:43;18:06:46;10:11:03
28/05/2020;7:56:20;18:06:24;10:10:04
29/05/2020;7:56:56;18:06:04;10:09:08
30/05/2020;7:57:31;18:05:45;10:08:14
31/05/2020;7:58:06;18:05:27;10:07:21
01/06/2020;7:58:40;18:05:11;10:06:31
02/06/2020;7:59:14;18:04:57;10:05:43
03/06/2020;7:59:46;18:04:44;10:04:58
04/06/2020;8:00:18;18:04:32;10:04:14
05/06/2020;8:00:48;18:04:22;10:03:34
06/06/2020;8:01:18;18:04:13;10:02:55
07/06/2020;8:01:47;18:04:06;10:02:19
08/06/2020;8:02:14;18:04:00;10:01:46
09/06/2020;8:02:41;18:03:56;10:01:15
10/06/2020;8:03:07;18:03:53;10:00:46
11/06/2020;8:03:31;18:03:52;10:00:21
12/06/2020;8:03:55;18:03:51;9:59:56
13/06/2020;8:04:17;18:03:53;9:59:36
14/06/2020;8:04:38;18:03:56;9:59:18
15/06/2020;8:04:58;18:04:00;9:59:02
16/06/2020;8:05:17;18:04:05;9:58:48
17/06/2020;8:05:34;18:04:12;9:58:38
18/06/2020;8:05:51;18:04:20;9:58:29
19/06/2020;8:06:06;18:04:30;9:58:24
20/06/2020;8:06:19;18:04:40;9:58:21
21/06/2020;8:06:32;18:04:52;9:58:20
22/06/2020;8:06:43;18:05:06;9:58:23
23/06/2020;8:06:52;18:05:20;9:58:28
24/06/2020;8:07:00;18:05:36;9:58:36
25/06/2020;8:07:07;18:05:53;9:58:46
26/06/2020;8:07:13;18:06:11;9:58:58
27/06/2020;8:07:17;18:06:31;9:59:14
28/06/2020;8:07:19;18:06:51;9:59:32
29/06/2020;8:07:20;18:07:13;9:59:53
30/06/2020;8:07:20;18:07:35;10:00:15
01/07/2020;8:07:18;18:07:59;10:00:41
02/07/2020;8:07:15;18:08:24;10:01:09
03/07/2020;8:07:10;18:08:49;10:01:39
04/07/2020;8:07:04;18:09:16;10:02:12
05/07/2020;8:06:56;18:09:43;10:02:47
06/07/2020;8:06:47;18:10:12;10:03:25
07/07/2020;8:06:36;18:10:41;10:04:05
08/07/2020;8:06:23;18:11:11;10:04:48
09/07/2020;8:06:10;18:11:42;10:05:32
10/07/2020;8:05:54;18:12:14;10:06:20
11/07/2020;8:05:37;18:12:46;10:07:09
12/07/2020;8:05:19;18:13:20;10:08:01
13/07/2020;8:04:59;18:13:53;10:08:54
14/07/2020;8:04:38;18:14:28;10:09:50
15/07/2020;8:04:15;18:15:03;10:10:48
16/07/2020;8:03:51;18:15:39;10:11:48
17/07/2020;8:03:25;18:16:15;10:12:50
18/07/2020;8:02:58;18:16:52;10:13:54
19/07/2020;8:02:29;18:17:29;10:15:00
20/07/2020;8:01:59;18:18:07;10:16:08
21/07/2020;8:01:27;18:18:45;10:17:18
22/07/2020;8:00:54;18:19:23;10:18:29
23/07/2020;8:00:20;18:20:02;10:19:42
24/07/2020;7:59:44;18:20:41;10:20:57
25/07/2020;7:59:06;18:21:21;10:22:15
26/07/2020;7:58:28;18:22:01;10:23:33
27/07/2020;7:57:48;18:22:41;10:24:53
28/07/2020;7:57:06;18:23:21;10:26:15
29/07/2020;7:56:23;18:24:01;10:27:38
30/07/2020;7:55:39;18:24:42;10:29:03
31/07/2020;7:54:54;18:25:23;10:30:29
01/08/2020;7:54:07;18:26:04;10:31:57
02/08/2020;7:53:19;18:26:45;10:33:26
03/08/2020;7:52:30;18:27:26;10:34:56
04/08/2020;7:51:39;18:28:07;10:36:28
05/08/2020;7:50:48;18:28:48;10:38:00
06/08/2020;7:49:55;18:29:29;10:39:34
07/08/2020;7:49:01;18:30:11;10:41:10
08/08/2020;7:48:05;18:30:52;10:42:47
09/08/2020;7:47:09;18:31:33;10:44:24
10/08/2020;7:46:11;18:32:14;10:46:03
11/08/2020;7:45:12;18:32:55;10:47:43
12/08/2020;7:44:13;18:33:36;10:49:23
13/08/2020;7:43:12;18:34:17;10:51:05
14/08/2020;7:42:10;18:34:58;10:52:48
15/08/2020;7:41:07;18:35:39;10:54:32
16/08/2020;7:40:03;18:36:19;10:56:16
17/08/2020;7:38:58;18:37:00;10:58:02
18/08/2020;7:37:52;18:37:40;10:59:48
19/08/2020;7:36:45;18:38:20;11:01:35
20/08/2020;7:35:38;18:39:01;11:03:23
21/08/2020;7:34:29;18:39:40;11:05:11
22/08/2020;7:33:19;18:40:20;11:07:01
23/08/2020;7:32:09;18:41:00;11:08:51
24/08/2020;7:30:58;18:41:40;11:10:42
25/08/2020;7:29:46;18:42:19;11:12:33
26/08/2020;7:28:33;18:42:58;11:14:25
27/08/2020;7:27:20;18:43:37;11:16:17
28/08/2020;7:26:06;18:44:16;11:18:10
29/08/2020;7:24:51;18:44:55;11:20:04
30/08/2020;7:23:36;18:45:34;11:21:58
31/08/2020;7:22:19;18:46:12;11:23:53
01/09/2020;7:21:03;18:46:51;11:25:48
02/09/2020;7:19:45;18:47:29;11:27:44
03/09/2020;7:18:28;18:48:07;11:29:39
04/09/2020;7:17:09;18:48:46;11:31:37
05/09/2020;7:15:50;18:49:24;11:33:34
06/09/2020;7:14:31;18:50:02;11:35:31
07/09/2020;7:13:11;18:50:40;11:37:29
08/09/2020;7:11:51;18:51:17;11:39:26
09/09/2020;7:10:31;18:51:55;11:41:24
10/09/2020;7:09:10;18:52:33;11:43:23
11/09/2020;7:07:49;18:53:11;11:45:22
12/09/2020;7:06:28;18:53:49;11:47:21
13/09/2020;7:05:06;18:54:26;11:49:20
14/09/2020;7:03:44;18:55:04;11:51:20
15/09/2020;7:02:22;18:55:42;11:53:20
16/09/2020;7:01:00;18:56:20;11:55:20
17/09/2020;6:59:37;18:56:58;11:57:21
18/09/2020;6:58:15;18:57:36;11:59:21
19/09/2020;6:56:52;18:58:14;12:01:22
20/09/2020;6:55:30;18:58:53;12:03:23
21/09/2020;6:54:07;18:59:31;12:05:24
22/09/2020;6:52:45;19:00:10;12:07:25
23/09/2020;6:51:22;19:00:48;12:09:26
24/09/2020;6:50:00;19:01:27;12:11:27
25/09/2020;6:48:38;19:02:06;12:13:28
26/09/2020;6:47:16;19:02:46;12:15:30
27/09/2020;6:45:54;19:03:25;12:17:31
28/09/2020;6:44:32;19:04:05;12:19:33
29/09/2020;6:43:11;19:04:45;12:21:34
30/09/2020;6:41:50;19:05:26;12:23:36
01/10/2020;6:40:29;19:06:06;12:25:37
02/10/2020;6:39:09;19:06:47;12:27:38
03/10/2020;6:37:49;19:07:29;12:29:40
04/10/2020;6:36:29;19:08:10;12:31:41
05/10/2020;6:35:10;19:08:52;12:33:42
06/10/2020;6:33:51;19:09:35;12:35:44
07/10/2020;6:32:33;19:10:17;12:37:44
08/10/2020;6:31:15;19:11:00;12:39:45
09/10/2020;6:29:58;19:11:44;12:41:46
10/10/2020;6:28:42;19:12:28;12:43:46
11/10/2020;6:27:26;19:13:12;12:45:46
12/10/2020;6:26:11;19:13:57;12:47:46
13/10/2020;6:24:57;19:14:42;12:49:45
14/10/2020;6:23:43;19:15:28;12:51:45
15/10/2020;6:22:30;19:16:14;12:53:44
16/10/2020;6:21:18;19:17:00;12:55:42
17/10/2020;6:20:07;19:17:47;12:57:40
18/10/2020;6:18:57;19:18:35;12:59:38
19/10/2020;6:17:47;19:19:23;13:01:36
20/10/2020;6:16:39;19:20:11;13:03:32
21/10/2020;6:15:31;19:21:00;13:05:29
22/10/2020;6:14:24;19:21:49;13:07:25
23/10/2020;6:13:19;19:22:39;13:09:20
24/10/2020;6:12:14;19:23:29;13:11:15
25/10/2020;6:11:11;19:24:20;13:13:09
26/10/2020;6:10:08;19:25:11;13:15:03
27/10/2020;6:09:07;19:26:03;13:16:56
28/10/2020;6:08:07;19:26:55;13:18:48
29/10/2020;6:07:08;19:27:47;13:20:39
30/10/2020;6:06:10;19:28:40;13:22:30
31/10/2020;6:05:14;19:29:33;13:24:19
01/11/2020;6:04:19;19:30:27;13:26:08
02/11/2020;6:03:25;19:31:21;13:27:56
03/11/2020;6:02:32;19:32:15;13:29:43
04/11/2020;6:01:41;19:33:10;13:31:29
05/11/2020;6:00:51;19:34:05;13:33:14
06/11/2020;6:00:03;19:35:00;13:34:57
07/11/2020;5:59:16;19:35:56;13:36:40
08/11/2020;5:58:30;19:36:51;13:38:21
09/11/2020;5:57:46;19:37:47;13:40:01
10/11/2020;5:57:03;19:38:44;13:41:41
11/11/2020;5:56:22;19:39:40;13:43:18
12/11/2020;5:55:43;19:40:36;13:44:53
13/11/2020;5:55:04;19:41:33;13:46:29
14/11/2020;5:54:28;19:42:30;13:48:02
15/11/2020;5:53:53;19:43:26;13:49:33
16/11/2020;5:53:20;19:44:23;13:51:03
17/11/2020;5:52:48;19:45:20;13:52:32
18/11/2020;5:52:18;19:46:16;13:53:58
19/11/2020;5:51:50;19:47:13;13:55:23
20/11/2020;5:51:24;19:48:09;13:56:45
21/11/2020;5:50:59;19:49:05;13:58:06
22/11/2020;5:50:36;19:50:01;13:59:25
23/11/2020;5:50:14;19:50:56;14:00:42
24/11/2020;5:49:55;19:51:52;14:01:57
25/11/2020;5:49:37;19:52:47;14:03:10
26/11/2020;5:49:21;19:53:41;14:04:20
27/11/2020;5:49:06;19:54:35;14:05:29
28/11/2020;5:48:54;19:55:29;14:06:35
29/11/2020;5:48:43;19:56:22;14:07:39
30/11/2020;5:48:34;19:57:14;14:08:40
01/12/2020;5:48:27;19:58:06;14:09:39
02/12/2020;5:48:22;19:58:57;14:10:35
03/12/2020;5:48:18;19:59:47;14:11:29
04/12/2020;5:48:17;20:00:37;14:12:20
05/12/2020;5:48:17;20:01:26;14:13:09
06/12/2020;5:48:19;20:02:14;14:13:55
07/12/2020;5:48:22;20:03:01;14:14:39
08/12/2020;5:48:28;20:03:47;14:15:19
09/12/2020;5:48:35;20:04:32;14:15:57
10/12/2020;5:48:45;20:05:16;14:16:31
11/12/2020;5:48:56;20:05:58;14:17:02
12/12/2020;5:49:08;20:06:40;14:17:32
13/12/2020;5:49:23;20:07:21;14:17:58
14/12/2020;5:49:39;20:08:00;14:18:21
15/12/2020;5:49:57;20:08:38;14:18:41
16/12/2020;5:50:17;20:09:15;14:18:58
17/12/2020;5:50:38;20:09:50;14:19:12
18/12/2020;5:51:01;20:10:25;14:19:24
19/12/2020;5:51:26;20:10:57;14:19:31
20/12/2020;5:51:52;20:11:28;14:19:36
21/12/2020;5:52:20;20:11:58;14:19:38
22/12/2020;5:52:50;20:12:26;14:19:36
23/12/2020;5:53:21;20:12:53;14:19:32
24/12/2020;5:53:53;20:13:18;14:19:25
25/12/2020;5:54:28;20:13:42;14:19:14
26/12/2020;5:55:03;20:14:04;14:19:01
27/12/2020;5:55:40;20:14:24;14:18:44
28/12/2020;5:56:18;20:14:43;14:18:25
29/12/2020;5:56:58;20:15:00;14:18:02
30/12/2020;5:57:39;20:15:15;14:17:36
31/12/2020;5:58:21;20:15:29;14:17:08
01/01/2021;5:59:04;20:15:41;14:16:37
02/01/2021;5:59:49;20:15:51;14:16:02
03/01/2021;6:00:35;20:15:59;14:15:24
04/01/2021;6:01:21;20:16:06;14:14:45
05/01/2021;6:02:09;20:16:11;14:14:02
06/01/2021;6:02:58;20:16:14;14:13:16
07/01/2021;6:03:48;20:16:16;14:12:28
08/01/2021;6:04:38;20:16:15;14:11:37
09/01/2021;6:05:30;20:16:13;14:10:43
10/01/2021;6:06:22;20:16:09;14:09:47
11/01/2021;6:07:15;20:16:03;14:08:48
12/01/2021;6:08:09;20:15:56;14:07:47
13/01/2021;6:09:04;20:15:46;14:06:42
14/01/2021;6:09:59;20:15:35;14:05:36
15/01/2021;6:10:54;20:15:22;14:04:28
16/01/2021;6:11:51;20:15:08;14:03:17
17/01/2021;6:12:47;20:14:51;14:02:04
18/01/2021;6:13:45;20:14:33;14:00:48
19/01/2021;6:14:42;20:14:13;13:59:31
20/01/2021;6:15:40;20:13:52;13:58:12
21/01/2021;6:16:38;20:13:29;13:56:51
22/01/2021;6:17:37;20:13:04;13:55:27
23/01/2021;6:18:35;20:12:37;13:54:02
24/01/2021;6:19:34;20:12:09;13:52:35
25/01/2021;6:20:33;20:11:39;13:51:06
26/01/2021;6:21:32;20:11:07;13:49:35
27/01/2021;6:22:31;20:10:34;13:48:03
28/01/2021;6:23:31;20:09:59;13:46:28
29/01/2021;6:24:30;20:09:23;13:44:53
30/01/2021;6:25:29;20:08:45;13:43:16
31/01/2021;6:26:28;20:08:06;13:41:38
01/02/2021;6:27:27;20:07:25;13:39:58
02/02/2021;6:28:26;20:06:43;13:38:17
03/02/2021;6:29:24;20:05:59;13:36:35
04/02/2021;6:30:23;20:05:14;13:34:51
05/02/2021;6:31:21;20:04:27;13:33:06
06/02/2021;6:32:19;20:03:39;13:31:20
07/02/2021;6:33:17;20:02:49;13:29:32
08/02/2021;6:34:14;20:01:58;13:27:44
09/02/2021;6:35:11;20:01:06;13:25:55
10/02/2021;6:36:08;20:00:13;13:24:05
11/02/2021;6:37:04;19:59:18;13:22:14
12/02/2021;6:38:01;19:58:22;13:20:21
13/02/2021;6:38:56;19:57:25;13:18:29
14/02/2021;6:39:52;19:56:27;13:16:35
15/02/2021;6:40:46;19:55:28;13:14:42
16/02/2021;6:41:41;19:54:27;13:12:46
17/02/2021;6:42:35;19:53:25;13:10:50
18/02/2021;6:43:29;19:52:23;13:08:54
19/02/2021;6:44:22;19:51:19;13:06:57
20/02/2021;6:45:15;19:50:14;13:04:59
21/02/2021;6:46:07;19:49:08;13:03:01
22/02/2021;6:46:59;19:48:02;13:01:03
23/02/2021;6:47:51;19:46:54;12:59:03
24/02/2021;6:48:42;19:45:45;12:57:03
25/02/2021;6:49:32;19:44:36;12:55:04
26/02/2021;6:50:23;19:43:26;12:53:03
27/02/2021;6:51:12;19:42:15;12:51:03
28/02/2021;6:52:02;19:41:03;12:49:01
01/03/2021;6:52:51;19:39:51;12:47:00
02/03/2021;6:53:39;19:38:38;12:44:59
03/03/2021;6:54:27;19:37:24;12:42:57
04/03/2021;6:55:15;19:36:09;12:40:54
05/03/2021;6:56:02;19:34:54;12:38:52
06/03/2021;6:56:49;19:33:39;12:36:50
07/03/2021;6:57:35;19:32:22;12:34:47
08/03/2021;6:58:22;19:31:06;12:32:44
09/03/2021;6:59:07;19:29:49;12:30:42
10/03/2021;6:59:53;19:28:31;12:28:38
11/03/2021;7:00:38;19:27:13;12:26:35
12/03/2021;7:01:23;19:25:55;12:24:32
13/03/2021;7:02:08;19:24:36;12:22:28
14/03/2021;7:02:52;19:23:17;12:20:25
15/03/2021;7:03:36;19:21:58;12:18:22
16/03/2021;7:04:20;19:20:38;12:16:18
17/03/2021;7:05:03;19:19:19;12:14:16
18/03/2021;7:05:47;19:17:59;12:12:12
19/03/2021;7:06:30;19:16:39;12:10:09
20/03/2021;7:07:13;19:15:19;12:08:06
21/03/2021;7:07:55;19:13:58;12:06:03
22/03/2021;7:08:38;19:12:38;12:04:00
23/03/2021;7:09:21;19:11:18;12:01:57
24/03/2021;7:10:03;19:09:58;11:59:55
25/03/2021;7:10:45;19:08:38;11:57:53
26/03/2021;7:11:27;19:07:18;11:55:51
27/03/2021;7:12:09;19:05:58;11:53:49
28/03/2021;7:12:51;19:04:38;11:51:47
29/03/2021;7:13:33;19:03:18;11:49:45
30/03/2021;7:14:15;19:01:59;11:47:44
31/03/2021;7:14:57;19:00:40;11:45:43
01/04/2021;7:15:39;18:59:21;11:43:42
02/04/2021;7:16:21;18:58:02;11:41:41
03/04/2021;7:17:03;18:56:44;11:39:41
04/04/2021;7:17:45;18:55:26;11:37:41
05/04/2021;7:18:27;18:54:09;11:35:42
06/04/2021;7:19:09;18:52:52;11:33:43
07/04/2021;7:19:51;18:51:36;11:31:45
08/04/2021;7:20:33;18:50:19;11:29:46
09/04/2021;7:21:15;18:49:04;11:27:49
10/04/2021;7:21:58;18:47:49;11:25:51
11/04/2021;7:22:40;18:46:35;11:23:55
12/04/2021;7:23:23;18:45:21;11:21:58
13/04/2021;7:24:05;18:44:08;11:20:03
14/04/2021;7:24:48;18:42:55;11:18:07
15/04/2021;7:25:31;18:41:44;11:16:13
16/04/2021;7:26:14;18:40:32;11:14:18
17/04/2021;7:26:57;18:39:22;11:12:25
18/04/2021;7:27:40;18:38:13;11:10:33
19/04/2021;7:28:23;18:37:04;11:08:41
20/04/2021;7:29:07;18:35:56;11:06:49
21/04/2021;7:29:50;18:34:49;11:04:59
22/04/2021;7:30:34;18:33:43;11:03:09
23/04/2021;7:31:18;18:32:37;11:01:19
24/04/2021;7:32:02;18:31:33;10:59:31
25/04/2021;7:32:46;18:30:29;10:57:43
26/04/2021;7:33:30;18:29:27;10:55:57
27/04/2021;7:34:14;18:28:25;10:54:11
28/04/2021;7:34:58;18:27:25;10:52:27
29/04/2021;7:35:42;18:26:25;10:50:43
30/04/2021;7:36:27;18:25:27;10:49:00
01/05/2021;7:37:11;18:24:29;10:47:18
02/05/2021;7:37:55;18:23:33;10:45:38
03/05/2021;7:38:40;18:22:38;10:43:58
04/05/2021;7:39:24;18:21:44;10:42:20
05/05/2021;7:40:09;18:20:51;10:40:42
06/05/2021;7:40:53;18:19:59;10:39:06
07/05/2021;7:41:37;18:19:09;10:37:32
08/05/2021;7:42:21;18:18:19;10:35:58
09/05/2021;7:43:05;18:17:31;10:34:26
10/05/2021;7:43:49;18:16:44;10:32:55
11/05/2021;7:44:33;18:15:59;10:31:26
12/05/2021;7:45:17;18:15:15;10:29:58
13/05/2021;7:46:00;18:14:32;10:28:32
14/05/2021;7:46:44;18:13:50;10:27:06
15/05/2021;7:47:27;18:13:09;10:25:42
16/05/2021;7:48:09;18:12:30;10:24:21
17/05/2021;7:48:52;18:11:53;10:23:01
18/05/2021;7:49:34;18:11:16;10:21:42
19/05/2021;7:50:15;18:10:41;10:20:26
20/05/2021;7:50:57;18:10:08;10:19:11
21/05/2021;7:51:38;18:09:35;10:17:57
22/05/2021;7:52:18;18:09:05;10:16:47
23/05/2021;7:52:58;18:08:35;10:15:37
24/05/2021;7:53:38;18:08:07;10:14:29
25/05/2021;7:54:17;18:07:41;10:13:24
26/05/2021;7:54:55;18:07:16;10:12:21
27/05/2021;7:55:33;18:06:52;10:11:19
28/05/2021;7:56:10;18:06:30;10:10:20
29/05/2021;7:56:46;18:06:09;10:09:23
30/05/2021;7:57:22;18:05:50;10:08:28
31/05/2021;7:57:57;18:05:32;10:07:35
01/06/2021;7:58:32;18:05:15;10:06:43
02/06/2021;7:59:05;18:05:01;10:05:56
03/06/2021;7:59:38;18:04:47;10:05:09
04/06/2021;8:00:09;18:04:35;10:04:26
05/06/2021;8:00:40;18:04:25;10:03:45
06/06/2021;8:01:10;18:04:15;10:03:05
07/06/2021;8:01:39;18:04:08;10:02:29
08/06/2021;8:02:07;18:04:02;10:01:55
09/06/2021;8:02:34;18:03:57;10:01:23
10/06/2021;8:03:00;18:03:54;10:00:54
11/06/2021;8:03:25;18:03:52;10:00:27
12/06/2021;8:03:49;18:03:51;10:00:02
13/06/2021;8:04:11;18:03:52;9:59:41
14/06/2021;8:04:33;18:03:55;9:59:22
15/06/2021;8:04:53;18:03:58;9:59:05
16/06/2021;8:05:12;18:04:04;9:58:52
17/06/2021;8:05:30;18:04:10;9:58:40
18/06/2021;8:05:47;18:04:18;9:58:31
19/06/2021;8:06:02;18:04:27;9:58:25
20/06/2021;8:06:16;18:04:37;9:58:21
21/06/2021;8:06:29;18:04:49;9:58:20
22/06/2021;8:06:40;18:05:02;9:58:22
23/06/2021;8:06:50;18:05:16;9:58:26
24/06/2021;8:06:58;18:05:32;9:58:34
25/06/2021;8:07:06;18:05:49;9:58:43
26/06/2021;8:07:11;18:06:07;9:58:56
27/06/2021;8:07:16;18:06:26;9:59:10
28/06/2021;8:07:19;18:06:46;9:59:27
29/06/2021;8:07:20;18:07:07;9:59:47
30/06/2021;8:07:20;18:07:29;10:00:09
01/07/2021;8:07:19;18:07:53;10:00:34
02/07/2021;8:07:16;18:08:17;10:01:01
03/07/2021;8:07:11;18:08:43;10:01:32
04/07/2021;8:07:05;18:09:09;10:02:04
05/07/2021;8:06:58;18:09:36;10:02:38
06/07/2021;8:06:49;18:10:04;10:03:15
07/07/2021;8:06:39;18:10:33;10:03:54
08/07/2021;8:06:27;18:11:03;10:04:36
09/07/2021;8:06:13;18:11:34;10:05:21
10/07/2021;8:05:58;18:12:06;10:06:08
11/07/2021;8:05:42;18:12:38;10:06:56
12/07/2021;8:05:24;18:13:11;10:07:47
13/07/2021;8:05:05;18:13:45;10:08:40
14/07/2021;8:04:44;18:14:19;10:09:35
15/07/2021;8:04:21;18:14:54;10:10:33
16/07/2021;8:03:57;18:15:29;10:11:32
17/07/2021;8:03:32;18:16:05;10:12:33
18/07/2021;8:03:05;18:16:42;10:13:37
19/07/2021;8:02:37;18:17:19;10:14:42
20/07/2021;8:02:07;18:17:57;10:15:50
21/07/2021;8:01:36;18:18:35;10:16:59
22/07/2021;8:01:03;18:19:13;10:18:10
23/07/2021;8:00:29;18:19:52;10:19:23
24/07/2021;7:59:53;18:20:31;10:20:38
25/07/2021;7:59:16;18:21:10;10:21:54
26/07/2021;7:58:38;18:21:50;10:23:12
27/07/2021;7:57:58;18:22:30;10:24:32
28/07/2021;7:57:17;18:23:10;10:25:53
29/07/2021;7:56:35;18:23:51;10:27:16
30/07/2021;7:55:51;18:24:31;10:28:40
31/07/2021;7:55:06;18:25:12;10:30:06
01/08/2021;7:54:19;18:25:53;10:31:34
02/08/2021;7:53:32;18:26:34;10:33:02
03/08/2021;7:52:43;18:27:15;10:34:32
04/08/2021;7:51:53;18:27:56;10:36:03
05/08/2021;7:51:01;18:28:37;10:37:36
06/08/2021;7:50:09;18:29:19;10:39:10
07/08/2021;7:49:15;18:30:00;10:40:45
08/08/2021;7:48:20;18:30:41;10:42:21
09/08/2021;7:47:24;18:31:22;10:43:58
10/08/2021;7:46:26;18:32:03;10:45:37
11/08/2021;7:45:28;18:32:44;10:47:16
12/08/2021;7:44:28;18:33:26;10:48:58
13/08/2021;7:43:28;18:34:06;10:50:38
14/08/2021;7:42:26;18:34:47;10:52:21
15/08/2021;7:41:23;18:35:28;10:54:05
16/08/2021;7:40:20;18:36:09;10:55:49
17/08/2021;7:39:15;18:36:49;10:57:34
18/08/2021;7:38:09;18:37:30;10:59:21
19/08/2021;7:37:03;18:38:10;11:01:07
20/08/2021;7:35:55;18:38:50;11:02:55
21/08/2021;7:34:47;18:39:30;11:04:43
22/08/2021;7:33:38;18:40:10;11:06:32
23/08/2021;7:32:27;18:40:50;11:08:23
24/08/2021;7:31:17;18:41:29;11:10:12
25/08/2021;7:30:05;18:42:09;11:12:04
26/08/2021;7:28:52;18:42:48;11:13:56
27/08/2021;7:27:39;18:43:27;11:15:48
28/08/2021;7:26:25;18:44:06;11:17:41
29/08/2021;7:25:10;18:44:45;11:19:35
30/08/2021;7:23:55;18:45:24;11:21:29
31/08/2021;7:22:39;18:46:02;11:23:23
01/09/2021;7:21:23;18:46:41;11:25:18
02/09/2021;7:20:06;18:47:19;11:27:13
03/09/2021;7:18:48;18:47:57;11:29:09
04/09/2021;7:17:30;18:48:36;11:31:06
05/09/2021;7:16:11;18:49:14;11:33:03
06/09/2021;7:14:52;18:49:52;11:35:00
07/09/2021;7:13:32;18:50:30;11:36:58
08/09/2021;7:12:12;18:51:08;11:38:56
09/09/2021;7:10:52;18:51:45;11:40:53
10/09/2021;7:09:31;18:52:23;11:42:52
11/09/2021;7:08:10;18:53:01;11:44:51
12/09/2021;7:06:49;18:53:39;11:46:50
13/09/2021;7:05:27;18:54:17;11:48:50
14/09/2021;7:04:05;18:54:54;11:50:49
15/09/2021;7:02:43;18:55:32;11:52:49
16/09/2021;7:01:21;18:56:10;11:54:49
17/09/2021;6:59:59;18:56:48;11:56:49
18/09/2021;6:58:36;18:57:26;11:58:50
19/09/2021;6:57:14;18:58:04;12:00:50
20/09/2021;6:55:51;18:58:43;12:02:52
21/09/2021;6:54:29;18:59:21;12:04:52
22/09/2021;6:53:06;19:00:00;12:06:54
23/09/2021;6:51:44;19:00:38;12:08:54
24/09/2021;6:50:21;19:01:17;12:10:56
25/09/2021;6:48:59;19:01:56;12:12:57
26/09/2021;6:47:37;19:02:36;12:14:59
27/09/2021;6:46:15;19:03:15;12:17:00
28/09/2021;6:44:53;19:03:55;12:19:02
29/09/2021;6:43:32;19:04:35;12:21:03
30/09/2021;6:42:11;19:05:15;12:23:04
01/10/2021;6:40:50;19:05:56;12:25:06
02/10/2021;6:39:29;19:06:37;12:27:08
03/10/2021;6:38:09;19:07:18;12:29:09
04/10/2021;6:36:50;19:07:59;12:31:09
05/10/2021;6:35:30;19:08:41;12:33:11
06/10/2021;6:34:12;19:09:23;12:35:11
07/10/2021;6:32:53;19:10:06;12:37:13
08/10/2021;6:31:36;19:10:49;12:39:13
09/10/2021;6:30:18;19:11:33;12:41:15
10/10/2021;6:29:02;19:12:16;12:43:14
11/10/2021;6:27:46;19:13:01;12:45:15
12/10/2021;6:26:31;19:13:45;12:47:14
13/10/2021;6:25:16;19:14:30;12:49:14
14/10/2021;6:24:02;19:15:16;12:51:14
15/10/2021;6:22:49;19:16:02;12:53:13
16/10/2021;6:21:37;19:16:48;12:55:11
17/10/2021;6:20:25;19:17:35;12:57:10
18/10/2021;6:19:15;19:18:22;12:59:07
19/10/2021;6:18:05;19:19:10;13:01:05
20/10/2021;6:16:56;19:19:58;13:03:02
21/10/2021;6:15:48;19:20:47;13:04:59
22/10/2021;6:14:41;19:21:36;13:06:55
23/10/2021;6:13:36;19:22:26;13:08:50
24/10/2021;6:12:31;19:23:16;13:10:45
25/10/2021;6:11:27;19:24:07;13:12:40
26/10/2021;6:10:24;19:24:58;13:14:34
27/10/2021;6:09:23;19:25:49;13:16:26
28/10/2021;6:08:22;19:26:41;13:18:19
29/10/2021;6:07:23;19:27:33;13:20:10
30/10/2021;6:06:25;19:28:26;13:22:01
31/10/2021;6:05:28;19:29:19;13:23:51
01/11/2021;6:04:33;19:30:13;13:25:40
02/11/2021;6:03:39;19:31:07;13:27:28
03/11/2021;6:02:46;19:32:01;13:29:15
04/11/2021;6:01:54;19:32:56;13:31:02
05/11/2021;6:01:04;19:33:50;13:32:46
06/11/2021;6:00:15;19:34:46;13:34:31
07/11/2021;5:59:28;19:35:41;13:36:13
08/11/2021;5:58:42;19:36:37;13:37:55
09/11/2021;5:57:57;19:37:33;13:39:36
10/11/2021;5:57:14;19:38:29;13:41:15
11/11/2021;5:56:33;19:39:25;13:42:52
12/11/2021;5:55:53;19:40:22;13:44:29
13/11/2021;5:55:14;19:41:18;13:46:04
14/11/2021;5:54:37;19:42:15;13:47:38
15/11/2021;5:54:02;19:43:12;13:49:10
16/11/2021;5:53:28;19:44:08;13:50:40
17/11/2021;5:52:56;19:45:05;13:52:09
18/11/2021;5:52:26;19:46:01;13:53:35
19/11/2021;5:51:57;19:46:58;13:55:01
20/11/2021;5:51:30;19:47:54;13:56:24
21/11/2021;5:51:05;19:48:50;13:57:45
22/11/2021;5:50:42;19:49:46;13:59:04
23/11/2021;5:50:20;19:50:42;14:00:22
24/11/2021;5:50:00;19:51:37;14:01:37
25/11/2021;5:49:41;19:52:32;14:02:51
26/11/2021;5:49:25;19:53:27;14:04:02
27/11/2021;5:49:10;19:54:21;14:05:11
28/11/2021;5:48:57;19:55:15;14:06:18
29/11/2021;5:48:46;19:56:08;14:07:22
30/11/2021;5:48:36;19:57:01;14:08:25
01/12/2021;5:48:29;19:57:53;14:09:24
02/12/2021;5:48:23;19:58:44;14:10:21
03/12/2021;5:48:19;19:59:34;14:11:15
04/12/2021;5:48:17;20:00:24;14:12:07
05/12/2021;5:48:17;20:01:13;14:12:56
06/12/2021;5:48:18;20:02:01;14:13:43
07/12/2021;5:48:21;20:02:48;14:14:27
08/12/2021;5:48:26;20:03:35;14:15:09
09/12/2021;5:48:33;20:04:20;14:15:47
10/12/2021;5:48:42;20:05:04;14:16:22
11/12/2021;5:48:53;20:05:47;14:16:54
12/12/2021;5:49:05;20:06:29;14:17:24
13/12/2021;5:49:19;20:07:10;14:17:51
14/12/2021;5:49:35;20:07:50;14:18:15
15/12/2021;5:49:52;20:08:28;14:18:36
16/12/2021;5:50:12;20:09:06;14:18:54
17/12/2021;5:50:33;20:09:41;14:19:08
18/12/2021;5:50:55;20:10:16;14:19:21
19/12/2021;5:51:19;20:10:49;14:19:30
20/12/2021;5:51:45;20:11:20;14:19:35
21/12/2021;5:52:13;20:11:51;14:19:38
22/12/2021;5:52:42;20:12:19;14:19:37
23/12/2021;5:53:13;20:12:46;14:19:33
24/12/2021;5:53:45;20:13:12;14:19:27
25/12/2021;5:54:19;20:13:36;14:19:17
26/12/2021;5:54:54;20:13:58;14:19:04
27/12/2021;5:55:30;20:14:19;14:18:49
28/12/2021;5:56:08;20:14:38;14:18:30
29/12/2021;5:56:47;20:14:56;14:18:09
30/12/2021;5:57:28;20:15:12;14:17:44
31/12/2021;5:58:10;20:15:26;14:17:16
01/01/2022;5:58:53;20:15:38;14:16:45
02/01/2022;5:59:37;20:15:49;14:16:12
03/01/2022;6:00:23;20:15:57;14:15:34
04/01/2022;6:01:09;20:16:05;14:14:56
05/01/2022;6:01:57;20:16:10;14:14:13
06/01/2022;6:02:45;20:16:14;14:13:29
07/01/2022;6:03:35;20:16:15;14:12:40
08/01/2022;6:04:25;20:16:15;14:11:50
09/01/2022;6:05:16;20:16:14;14:10:58
10/01/2022;6:06:09;20:16:10;14:10:01
11/01/2022;6:07:01;20:16:05;14:09:04
12/01/2022;6:07:55;20:15:58;14:08:03
13/01/2022;6:08:49;20:15:49;14:07:00
14/01/2022;6:09:44;20:15:38;14:05:54
15/01/2022;6:10:40;20:15:26;14:04:46
16/01/2022;6:11:36;20:15:12;14:03:36
17/01/2022;6:12:33;20:14:56;14:02:23
18/01/2022;6:13:30;20:14:38;14:01:08
19/01/2022;6:14:27;20:14:19;13:59:52
20/01/2022;6:15:25;20:13:58;13:58:33
21/01/2022;6:16:23;20:13:35;13:57:12
22/01/2022;6:17:21;20:13:10;13:55:49
23/01/2022;6:18:20;20:12:44;13:54:24
24/01/2022;6:19:19;20:12:16;13:52:57
25/01/2022;6:20:18;20:11:47;13:51:29
26/01/2022;6:21:17;20:11:16;13:49:59
27/01/2022;6:22:16;20:10:43;13:48:27
28/01/2022;6:23:15;20:10:09;13:46:54
29/01/2022;6:24:14;20:09:33;13:45:19
30/01/2022;6:25:13;20:08:55;13:43:42
31/01/2022;6:26:13;20:08:16;13:42:03
01/02/2022;6:27:12;20:07:36;13:40:24
02/02/2022;6:28:10;20:06:54;13:38:44
03/02/2022;6:29:09;20:06:10;13:37:01
04/02/2022;6:30:08;20:05:25;13:35:17
05/02/2022;6:31:06;20:04:39;13:33:33
06/02/2022;6:32:04;20:03:51;13:31:47
07/02/2022;6:33:02;20:03:02;13:30:00
08/02/2022;6:33:59;20:02:12;13:28:13
09/02/2022;6:34:56;20:01:20;13:26:24
10/02/2022;6:35:53;20:00:27;13:24:34
11/02/2022;6:36:50;19:59:33;13:22:43
12/02/2022;6:37:46;19:58:37;13:20:51
13/02/2022;6:38:42;19:57:40;13:18:58
14/02/2022;6:39:37;19:56:42;13:17:05
15/02/2022;6:40:32;19:55:43;13:15:11
16/02/2022;6:41:27;19:54:43;13:13:16
17/02/2022;6:42:21;19:53:41;13:11:20
18/02/2022;6:43:15;19:52:39;13:09:24
19/02/2022;6:44:08;19:51:35;13:07:27
20/02/2022;6:45:01;19:50:31;13:05:30
21/02/2022;6:45:54;19:49:25;13:03:31
22/02/2022;6:46:46;19:48:19;13:01:33
23/02/2022;6:47:37;19:47:12;12:59:35
24/02/2022;6:48:29;19:46:03;12:57:34
25/02/2022;6:49:19;19:44:54;12:55:35
26/02/2022;6:50:10;19:43:44;12:53:34
27/02/2022;6:50:59;19:42:33;12:51:34
28/02/2022;6:51:49;19:41:22;12:49:33
01/03/2022;6:52:38;19:40:10;12:47:32
02/03/2022;6:53:26;19:38:57;12:45:31
03/03/2022;6:54:15;19:37:43;12:43:28
04/03/2022;6:55:02;19:36:29;12:41:27
05/03/2022;6:55:50;19:35:14;12:39:24
06/03/2022;6:56:37;19:33:58;12:37:21
07/03/2022;6:57:23;19:32:42;12:35:19
08/03/2022;6:58:10;19:31:26;12:33:16
09/03/2022;6:58:56;19:30:09;12:31:13
10/03/2022;6:59:41;19:28:51;12:29:10
11/03/2022;7:00:26;19:27:33;12:27:07
12/03/2022;7:01:11;19:26:15;12:25:04
13/03/2022;7:01:56;19:24:56;12:23:00
14/03/2022;7:02:40;19:23:38;12:20:58
15/03/2022;7:03:25;19:22:18;12:18:53
16/03/2022;7:04:08;19:20:59;12:16:51
17/03/2022;7:04:52;19:19:39;12:14:47
18/03/2022;7:05:35;19:18:19;12:12:44
19/03/2022;7:06:19;19:16:59;12:10:40
20/03/2022;7:07:02;19:15:39;12:08:37
21/03/2022;7:07:44;19:14:19;12:06:35
22/03/2022;7:08:27;19:12:59;12:04:32
23/03/2022;7:09:10;19:11:39;12:02:29
24/03/2022;7:09:52;19:10:19;12:00:27
25/03/2022;7:10:34;19:08:58;11:58:24
26/03/2022;7:11:16;19:07:38;11:56:22
27/03/2022;7:11:58;19:06:18;11:54:20
28/03/2022;7:12:40;19:04:59;11:52:19
29/03/2022;7:13:22;19:03:39;11:50:17
30/03/2022;7:14:04;19:02:19;11:48:15
31/03/2022;7:14:46;19:01:00;11:46:14
01/04/2022;7:15:28;18:59:41;11:44:13
02/04/2022;7:16:10;18:58:23;11:42:13
03/04/2022;7:16:52;18:57:04;11:40:12
04/04/2022;7:17:34;18:55:47;11:38:13
05/04/2022;7:18:16;18:54:29;11:36:13
06/04/2022;7:18:58;18:53:12;11:34:14
07/04/2022;7:19:40;18:51:55;11:32:15
08/04/2022;7:20:22;18:50:39;11:30:17
09/04/2022;7:21:04;18:49:24;11:28:20
10/04/2022;7:21:47;18:48:08;11:26:21
11/04/2022;7:22:29;18:46:54;11:24:25
12/04/2022;7:23:12;18:45:40;11:22:28
13/04/2022;7:23:54;18:44:27;11:20:33
14/04/2022;7:24:37;18:43:14;11:18:37
15/04/2022;7:25:20;18:42:02;11:16:42
16/04/2022;7:26:03;18:40:51;11:14:48
17/04/2022;7:26:46;18:39:40;11:12:54
18/04/2022;7:27:29;18:38:31;11:11:02
19/04/2022;7:28:12;18:37:22;11:09:10
20/04/2022;7:28:56;18:36:13;11:07:17
21/04/2022;7:29:39;18:35:06;11:05:27
22/04/2022;7:30:23;18:34:00;11:03:37
23/04/2022;7:31:06;18:32:54;11:01:48
24/04/2022;7:31:50;18:31:49;10:59:59
25/04/2022;7:32:34;18:30:46;10:58:12
26/04/2022;7:33:18;18:29:43;10:56:25
27/04/2022;7:34:02;18:28:41;10:54:39
28/04/2022;7:34:47;18:27:40;10:52:53
29/04/2022;7:35:31;18:26:41;10:51:10
30/04/2022;7:36:15;18:25:42;10:49:27
